Workbook

Sheet 이용안내
A1: 수도권 환전업자 GIS 위험관리 시제품 — 데이터 사용 안내
A2: 데이터 성격 | B2: 100% 합성·가상 업체. 상호, 대표자, 실적, 검사이력 모두 실제 자료 아님.
A3: 지역 범위 | B3: 안산 원곡동 38개 / 시흥 정왕시장 24개 / 부천 23개 / 부평 10개 / 김포 4개 / 계양 1개
A4: 주소 정확도 | B4: 시연 현실감을 높이기 위해 수도권 주요 분포를 반영한 도로명 주소(가상·미검증). 건물 상세번지 정확성은 보장하지 않음.
A5: 지도 연동 | B5: 지오코딩 상태가 '미검증'인 행은 카카오 주소 변환 후 위도/경도를 채워야 함.
A6: 주의 | B6: 주소가 변환되지 않으면 지도 아이콘을 표시하지 말고 오류 목록에 남길 것.
A7: 업체ID | B7: 각 시트 간 연결 키. 임의 변경 금지. Supabase UNIQUE 키로 사용 가능.
A8: 금액 단위 | B8: 만원(KRW). 실적 값은 완전 랜덤 합성.
A9: 2026년 실적 | B9: 1~3분기 누계(가상)이며 2025년 연간과 단순 증감 비교 금지.
A10: 위험점수 | B10: 실적변동 30 + 점검경과 20 + 위반이력 30 + 휴업여부 20 (최대 100)
A11: 고위험 | B11: 70점 이상 / 주의 40~69점 / 일반 0~39점. 업무용 확정 기준 아님.
A12: 평가기준일 | B12: 2026-10-23. 점검경과 점수는 이 날짜 기준으로 계산.
A13: 개인정보 | B13: 실제 업무자료를 GitHub 저장소에 올리지 말 것. 외부 Supabase는 기관 승인 후 사용.
... A16: 운영 전 검토 | B16: 기관망 접속허용·지도 API·외부클라우드·개인정보·접근기록/보안 검토 필요.

Sheet 업체현황
A1: 업체ID | B1: 상호(가상) | C1: 대표자(가상) | D1: 시도 | E1: 시군구 | F1: 구 | G1: 도로명주소(미검증) | H1: 위도 | I1: 경도 | J1: 지오코딩상태 | K1: 등록일(가상) | L1: 영업상태 | M1: 업체유형(가상) | N1: 입지구분(가상) | O1: 최종점검일(가상) | P1: 위반이력(가상) | Q1: 관리담당 | R1: 비고
A2: EXA-0001 | B2: 삼일플러스익스체인지 001호 | C2: 오현희 | D2: 경기도 | E2: 시흥시 | F2: 정왕시장 | G2: 경기도 시흥시 정왕동 정왕시장길 15 | J2: 미검증 | K2: 2019-03-26 | L2: 영업중 | M2: 개인 | N2: 일반 | O2: 2025-06-21 | P2: 없음 | Q2: 담당4 | R2: 가상 데이터 / 실분포 반영 시연용
A3: EXA-0002 | B3: 다정스타환전소 002호 | C3: 임영준 | D3: 경기도 | E3: 안산시 | F3: 원곡동 | G3: 경기도 안산시 단원구 원곡동 다문화길 18 | J3: 미검증 | K3: 2017-05-22 | L3: 영업중 | M3: 개인 | N3: 상업지역 | O3: 2023-12-04 | P3: 없음 | Q3: 담당2 | R3: 가상 데이터 / 실분포 반영 시연용
A4: EXA-0003 | B4: 세명프라임외환서비스 003호 | C4: 오민지 | D4: 경기도 | E4: 시흥시 | F4: 정왕시장 | G4: 경기도 시흥시 정왕동 중심상가로 28 | J4: 미검증 | K4: 2014-05-10 | L4: 영업중 | M4: 법인 | N4: 관광지 인접 | O4: 2023-07-19 | P4: 경미 | Q4: 담당1 | R4: 가상 데이터 / 실분포 반영 시연용
A5: EXA-0004 | B5: 태양환전소 004호 | C5: 한도진 | D5: 경기도 | E5: 부천시 | F5: 부천 | G5: 경기도 부천시 부천로 24 | J5: 미검증 | K5: 2017-04-22 | L5: 영업중 | M5: 개인 | N5: 관광지 인접 | O5: 2026-08-08 | P5: 없음 | Q5: 담당2 | R5: 가상 데이터 / 실분포 반영 시연용
A6: EXA-0005 | B6: 중앙스타환전 005호 | C6: 조서석 | D6: 경기도 | E6: 시흥시 | F6: 정왕시장 | G6: 경기도 시흥시 정왕동 정왕대로 41 | J6: 미검증 | K6: 2021-07-23 | L6: 영업중 | M6: 일반 | N6: 상업지역 | O6: 2024-04-25 | P6: 경미 | Q6: 담당4 | R6: 가상 데이터 / 실분포 반영 시연용
A7: EXA-0006 | B7: 동서스타환전 006호 | C7: 홍우준 | D7: 경기도 | E7: 안산시 | F7: 원곡동 | G7: 경기도 안산시 단원구 원곡동 원곡로 37 | J7: 미검증 | K7: 2020-06-06 | L7: 영업중 | M7: 개인 | N7: 관광지 인접 | O7: 2026-08-23 | P7: 없음 | Q7: 담당1 | R7: 가상 데이터 / 실분포 반영 시연용
A8: EXA-0007 | B8: 국제프라임환전 007호 | C8: 박준진 | D8: 경기도 | E8: 부천시 | F8: 부천 | G8: 경기도 부천시 중동로 40 | J8: 미검증 | K8: 2014-08-03 | L8: 영업중 | M8: 일반 | N8: 관광지 인접 | O8: 2024-12-01 | P8: 없음 | Q8: 담당3 | R8: 가상 데이터 / 실분포 반영 시연용
A9: EXA-0008 | B9: 다정프라임환전 008호 | C9: 이예아 | D9: 경기도 | E9: 부천시 | F9: 부천 | G9: 경기도 부천시 길주로 50 | J9: 미검증 | K9: 2014-09-17 | L9: 영업중 | M9: 개인 | N9: 주거지역 | O9: 2023-06-01 | P9: 없음 | Q9: 담당3 | R9: 가상 데이터 / 실분포 반영 시연용
A10: EXA-0009 | B10: 한빛외환서비스 009호 | C10: 신현우 | D10: 경기도 | E10: 안산시 | F10: 원곡동 | G10: 경기도 안산시 단원구 원곡동 원선로 53 | J10: 미검증 | K10: 2020-12-03 | L10: 영업중 | M10: 개인 | N10: 관광지 인접 | O10: 2024-10-15 | P10: 없음 | Q10: 담당3 | R10: 가상 데이터 / 실분포 반영 시연용
A11: EXA-0010 | B11: 한울원익스체인지 010호 | C11: 최은현 | D11: 경기도 | E11: 시흥시 | F11: 정왕시장 | G11: 경기도 시흥시 정왕동 함송로 63 | J11: 미검증 | K11: 2024-06-17 | L11: 영업중 | M11: 법인 | N11: 주거지역 | O11: 2023-12-02 | P11: 없음 | Q11: 담당2 | R11: 가상 데이터 / 실분포 반영 시연용
A12: EXA-0011 | B12: 삼일스타외환서비스 011호 | C12: 황서진 | D12: 경기도 | E12: 시흥시 | F12: 정왕시장 | G12: 경기도 시흥시 정왕동 옥구상가로 73-6 | J12: 미검증 | K12: 2019-10-29 | L12: 영업중 | M12: 개인 | N12: 관광지 인접 | O12: 2024-12-19 | P12: 없음 | Q12: 담당1 | R12: 가상 데이터 / 실분포 반영 시연용
A13: EXA-0012 | B13: 동행익스체인지 012호 | C13: 류서현 | D13: 경기도 | E13: 안산시 | F13: 원곡동 | G13: 경기도 안산시 단원구 원곡동 화랑로 69 | J13: 미검증 | K13: 2020-07-21 | L13: 영업중 | M13: 법인 | N13: 일반 | O13: 2025-03-29 | P13: 없음 | Q13: 담당1 | R13: 가상 데이터 / 실분포 반영 시연용
... A101: EXA-0100 | B101: 단원프라임환전 100호 | C101: 임우진 | D101: 경기도 | E101: 부천시 | F101: 부천 | G101: 경기도 부천시 중동로 40 | J101: 미검증 | K101: 2020-10-10 | L101: 영업중 | M101: 개인 | N101: 관광지 인접 | O101: 2022-07-26 | P101: 경미 | Q101: 담당1 | R101: 가상 데이터 / 실분포 반영 시연용

Sheet 연도별실적
A1: 업체ID | B1: 실적연도 | C1: 환전금액(만원) | D1: 집계범위 | E1: 금액기준 | F1: 자료구분
A2: EXA-0001 | B2: 2023 | C2: 96952 | D2: 연간 확정(가상) | E2: KRW 환산, 만원 | F2: 가상생성
A3: EXA-0001 | B3: 2024 | C3: 87168 | D3: 연간 확정(가상) | E3: KRW 환산, 만원 | F3: 가상생성
A4: EXA-0001 | B4: 2025 | C4: 104453 | D4: 연간 확정(가상) | E4: KRW 환산, 만원 | F4: 가상생성
A5: EXA-0001 | B5: 2026 | C5: 68248 | D5: 1~3분기 누계 | E5: KRW 환산, 만원 | F5: 가상생성
A6: EXA-0002 | B6: 2023 | C6: 208551 | D6: 연간 확정(가상) | E6: KRW 환산, 만원 | F6: 가상생성
A7: EXA-0002 | B7: 2024 | C7: 147993 | D7: 연간 확정(가상) | E7: KRW 환산, 만원 | F7: 가상생성
A8: EXA-0002 | B8: 2025 | C8: 86378 | D8: 연간 확정(가상) | E8: KRW 환산, 만원 | F8: 가상생성
A9: EXA-0002 | B9: 2026 | C9: 69274 | D9: 1~3분기 누계 | E9: KRW 환산, 만원 | F9: 가상생성
A10: EXA-0003 | B10: 2023 | C10: 82123 | D10: 연간 확정(가상) | E10: KRW 환산, 만원 | F10: 가상생성
A11: EXA-0003 | B11: 2024 | C11: 58070 | D11: 연간 확정(가상) | E11: KRW 환산, 만원 | F11: 가상생성
A12: EXA-0003 | B12: 2025 | C12: 90246 | D12: 연간 확정(가상) | E12: KRW 환산, 만원 | F12: 가상생성
A13: EXA-0003 | B13: 2026 | C13: 70528 | D13: 1~3분기 누계 | E13: KRW 환산, 만원 | F13: 가상생성
... A401: EXA-0100 | B401: 2026 | C401: 11988 | D401: 1~3분기 누계 | E401: KRW 환산, 만원 | F401: 가상생성

Sheet 점검이력
A1: 점검ID | B1: 업체ID | C1: 점검일 | D1: 점검구분 | E1: 결과분류 | F1: 주요결과(가상) | G1: 후속조치 | H1: 담당자 | I1: 비고
A2: CHK-0001 | B2: EXA-0001 | C2: 2025-06-21 | D2: 정기 | E2: 없음 | F2: 특이사항 없음 | G2: 종결 | H2: 담당2 | I2: 모의 기록
A3: CHK-0002 | B3: EXA-0002 | C3: 2023-12-04 | D3: 서면 | E3: 없음 | F3: 특이사항 없음 | G3: 종결 | H3: 담당2 | I3: 모의 기록
A4: CHK-0003 | B4: EXA-0003 | C4: 2023-07-19 | D4: 서면 | E4: 경미 | F4: 경미사항 보완요청 | G4: 추가확인 | H4: 담당2 | I4: 모의 기록
A5: CHK-0004 | B5: EXA-0004 | C5: 2026-08-08 | D5: 수시 | E5: 없음 | F5: 특이사항 없음 | G5: 종결 | H5: 담당3 | I5: 모의 기록
A6: CHK-0005 | B6: EXA-0005 | C6: 2024-04-25 | D6: 정기 | E6: 경미 | F6: 경미사항 보완요청 | G6: 추가확인 | H6: 담당2 | I6: 모의 기록
A7: CHK-0006 | B7: EXA-0006 | C7: 2026-08-23 | D7: 수시 | E7: 없음 | F7: 특이사항 없음 | G7: 종결 | H7: 담당3 | I7: 모의 기록
A8: CHK-0007 | B8: EXA-0007 | C8: 2024-12-01 | D8: 정기 | E8: 없음 | F8: 특이사항 없음 | G8: 종결 | H8: 담당2 | I8: 모의 기록
A9: CHK-0008 | B9: EXA-0008 | C9: 2023-06-01 | D9: 서면 | E9: 없음 | F9: 특이사항 없음 | G9: 종결 | H9: 담당3 | I9: 모의 기록
A10: CHK-0009 | B10: EXA-0009 | C10: 2024-10-15 | D10: 서면 | E10: 없음 | F10: 특이사항 없음 | G10: 종결 | H10: 담당3 | I10: 모의 기록
A11: CHK-0010 | B11: EXA-0010 | C11: 2023-12-02 | D11: 서면 | E11: 없음 | F11: 특이사항 없음 | G11: 종결 | H11: 담당4 | I11: 모의 기록
A12: CHK-0011 | B12: EXA-0011 | C12: 2024-12-19 | D12: 수시 | E12: 없음 | F12: 특이사항 없음 | G12: 종결 | H12: 담당2 | I12: 모의 기록
... A101: CHK-0100 | B101: EXA-0100 | C101: 2022-07-26 | D101: 수시 | E101: 경미 | F101: 경미사항 보완요청 | G101: 보완완료 | H101: 담당1 | I101: 모의 기록

Sheet 위험도평가
A1: 업체ID | B1: 상호 | C1: 관할구 | D1: 2024 실적(만원) | E1: 2025 실적(만원) | F1: 증감률 | G1: 실적변동점수(최대30) | H1: 점검경과점수(최대20) | I1: 위반이력점수(최대30) | J1: 휴폐업등점수(최대20) | K1: 위험도합계 | L1: 위험등급 | M1: 평가의견
A2: =업체현황!A2 | B2: =업체현황!B2 | C2: =업체현황!F2 | D2: =SUMIFS(연도별실적!$C$2:$C$401,연도별실적!$A$2:$A$401,A2,연도별실적!$B$2:$B$401,2024) | E2: =SUMIFS(연도별실적!$C$2:$C$401,연도별실적!$A$2:$A$401,A2,연도별실적!$B$2:$B$401,2025) | F2: =IF(D2=0,0,(E2-D2)/D2) | G2: =IF(ABS(F2)>=0.6,30,IF(ABS(F2)>=0.35,20,IF(ABS(F2)>=0.2,10,0))) | H2: =IF(DATE(2026,10,23)-DATEVALUE(업체현황!O2)>=1095,20,IF(DATE(2026,10,23)-DATEVALUE(업체현황!O2)>=730,15,IF(DATE(2026,10,23)-DATEVALUE(업체현황!O2)>=365,10,0))) | I2: =IF(업체현황!P2="중대",30,IF(업체현황!P2="경미",15,0)) | J2: =IF(업체현황!L2="폐업",0,IF(업체현황!L2="휴업",10,0)) | K2: =SUM(G2:J2) | L2: =IF(K2>=70,"고위험",IF(K2>=40,"주의","일반")) | M2: =IF(K2>=70,"우선 검토",IF(K2>=40,"모니터링","정기관리"))
A3: =업체현황!A3 | B3: =업체현황!B3 | C3: =업체현황!F3 | D3: =SUMIFS(연도별실적!$C$2:$C$401,연도별실적!$A$2:$A$401,A3,연도별실적!$B$2:$B$401,2024) | E3: =SUMIFS(연도별실적!$C$2:$C$401,연도별실적!$A$2:$A$401,A3,연도별실적!$B$2:$B$401,2025) | F3: =IF(D3=0,0,(E3-D3)/D3) | G3: =IF(ABS(F3)>=0.6,30,IF(ABS(F3)>=0.35,20,IF(ABS(F3)>=0.2,10,0))) | H3: =IF(DATE(2026,10,23)-DATEVALUE(업체현황!O3)>=1095,20,IF(DATE(2026,10,23)-DATEVALUE(업체현황!O3)>=730,15,IF(DATE(2026,10,23)-DATEVALUE(업체현황!O3)>=365,10,0))) | I3: =IF(업체현황!P3="중대",30,IF(업체현황!P3="경미",15,0)) | J3: =IF(업체현황!L3="폐업",0,IF(업체현황!L3="휴업",10,0)) | K3: =SUM(G3:J3) | L3: =IF(K3>=70,"고위험",IF(K3>=40,"주의","일반")) | M3: =IF(K3>=70,"우선 검토",IF(K3>=40,"모니터링","정기관리"))
A4: =업체현황!A4 | B4: =업체현황!B4 | C4: =업체현황!F4 | D4: =SUMIFS(연도별실적!$C$2:$C$401,연도별실적!$A$2:$A$401,A4,연도별실적!$B$2:$B$401,2024) | E4: =SUMIFS(연도별실적!$C$2:$C$401,연도별실적!$A$2:$A$401,A4,연도별실적!$B$2:$B$401,2025) | F4: =IF(D4=0,0,(E4-D4)/D4) | G4: =IF(ABS(F4)>=0.6,30,IF(ABS(F4)>=0.35,20,IF(ABS(F4)>=0.2,10,0))) | H4: =IF(DATE(2026,10,23)-DATEVALUE(업체현황!O4)>=1095,20,IF(DATE(2026,10,23)-DATEVALUE(업체현황!O4)>=730,15,IF(DATE(2026,10,23)-DATEVALUE(업체현황!O4)>=365,10,0))) | I4: =IF(업체현황!P4="중대",30,IF(업체현황!P4="경미",15,0)) | J4: =IF(업체현황!L4="폐업",0,IF(업체현황!L4="휴업",10,0)) | K4: =SUM(G4:J4) | L4: =IF(K4>=70,"고위험",IF(K4>=40,"주의","일반")) | M4: =IF(K4>=70,"우선 검토",IF(K4>=40,"모니터링","정기관리"))
A5: =업체현황!A5 | B5: =업체현황!B5 | C5: =업체현황!F5 | D5: =SUMIFS(연도별실적!$C$2:$C$401,연도별실적!$A$2:$A$401,A5,연도별실적!$B$2:$B$401,2024) | E5: =SUMIFS(연도별실적!$C$2:$C$401,연도별실적!$A$2:$A$401,A5,연도별실적!$B$2:$B$401,2025) | F5: =IF(D5=0,0,(E5-D5)/D5) | G5: =IF(ABS(F5)>=0.6,30,IF(ABS(F5)>=0.35,20,IF(ABS(F5)>=0.2,10,0))) | H5: =IF(DATE(2026,10,23)-DATEVALUE(업체현황!O5)>=1095,20,IF(DATE(2026,10,23)-DATEVALUE(업체현황!O5)>=730,15,IF(DATE(2026,10,23)-DATEVALUE(업체현황!O5)>=365,10,0))) | I5: =IF(업체현황!P5="중대",30,IF(업체현황!P5="경미",15,0)) | J5: =IF(업체현황!L5="폐업",0,IF(업체현황!L5="휴업",10,0)) | K5: =SUM(G5:J5) | L5: =IF(K5>=70,"고위험",IF(K5>=40,"주의","일반")) | M5: =IF(K5>=70,"우선 검토",IF(K5>=40,"모니터링","정기관리"))
A6: =업체현황!A6 | B6: =업체현황!B6 | C6: =업체현황!F6 | D6: =SUMIFS(연도별실적!$C$2:$C$401,연도별실적!$A$2:$A$401,A6,연도별실적!$B$2:$B$401,2024) | E6: =SUMIFS(연도별실적!$C$2:$C$401,연도별실적!$A$2:$A$401,A6,연도별실적!$B$2:$B$401,2025) | F6: =IF(D6=0,0,(E6-D6)/D6) | G6: =IF(ABS(F6)>=0.6,30,IF(ABS(F6)>=0.35,20,IF(ABS(F6)>=0.2,10,0))) | H6: =IF(DATE(2026,10,23)-DATEVALUE(업체현황!O6)>=1095,20,IF(DATE(2026,10,23)-DATEVALUE(업체현황!O6)>=730,15,IF(DATE(2026,10,23)-DATEVALUE(업체현황!O6)>=365,10,0))) | I6: =IF(업체현황!P6="중대",30,IF(업체현황!P6="경미",15,0)) | J6: =IF(업체현황!L6="폐업",0,IF(업체현황!L6="휴업",10,0)) | K6: =SUM(G6:J6) | L6: =IF(K6>=70,"고위험",IF(K6>=40,"주의","일반")) | M6: =IF(K6>=70,"우선 검토",IF(K6>=40,"모니터링","정기관리"))
A7: =업체현황!A7 | B7: =업체현황!B7 | C7: =업체현황!F7 | D7: =SUMIFS(연도별실적!$C$2:$C$401,연도별실적!$A$2:$A$401,A7,연도별실적!$B$2:$B$401,2024) | E7: =SUMIFS(연도별실적!$C$2:$C$401,연도별실적!$A$2:$A$401,A7,연도별실적!$B$2:$B$401,2025) | F7: =IF(D7=0,0,(E7-D7)/D7) | G7: =IF(ABS(F7)>=0.6,30,IF(ABS(F7)>=0.35,20,IF(ABS(F7)>=0.2,10,0))) | H7: =IF(DATE(2026,10,23)-DATEVALUE(업체현황!O7)>=1095,20,IF(DATE(2026,10,23)-DATEVALUE(업체현황!O7)>=730,15,IF(DATE(2026,10,23)-DATEVALUE(업체현황!O7)>=365,10,0))) | I7: =IF(업체현황!P7="중대",30,IF(업체현황!P7="경미",15,0)) | J7: =IF(업체현황!L7="폐업",0,IF(업체현황!L7="휴업",10,0)) | K7: =SUM(G7:J7) | L7: =IF(K7>=70,"고위험",IF(K7>=40,"주의","일반")) | M7: =IF(K7>=70,"우선 검토",IF(K7>=40,"모니터링","정기관리"))
A8: =업체현황!A8 | B8: =업체현황!B8 | C8: =업체현황!F8 | D8: =SUMIFS(연도별실적!$C$2:$C$401,연도별실적!$A$2:$A$401,A8,연도별실적!$B$2:$B$401,2024) | E8: =SUMIFS(연도별실적!$C$2:$C$401,연도별실적!$A$2:$A$401,A8,연도별실적!$B$2:$B$401,2025) | F8: =IF(D8=0,0,(E8-D8)/D8) | G8: =IF(ABS(F8)>=0.6,30,IF(ABS(F8)>=0.35,20,IF(ABS(F8)>=0.2,10,0))) | H8: =IF(DATE(2026,10,23)-DATEVALUE(업체현황!O8)>=1095,20,IF(DATE(2026,10,23)-DATEVALUE(업체현황!O8)>=730,15,IF(DATE(2026,10,23)-DATEVALUE(업체현황!O8)>=365,10,0))) | I8: =IF(업체현황!P8="중대",30,IF(업체현황!P8="경미",15,0)) | J8: =IF(업체현황!L8="폐업",0,IF(업체현황!L8="휴업",10,0)) | K8: =SUM(G8:J8) | L8: =IF(K8>=70,"고위험",IF(K8>=40,"주의","일반")) | M8: =IF(K8>=70,"우선 검토",IF(K8>=40,"모니터링","정기관리"))
A9: =업체현황!A9 | B9: =업체현황!B9 | C9: =업체현황!F9 | D9: =SUMIFS(연도별실적!$C$2:$C$401,연도별실적!$A$2:$A$401,A9,연도별실적!$B$2:$B$401,2024) | E9: =SUMIFS(연도별실적!$C$2:$C$401,연도별실적!$A$2:$A$401,A9,연도별실적!$B$2:$B$401,2025) | F9: =IF(D9=0,0,(E9-D9)/D9) | G9: =IF(ABS(F9)>=0.6,30,IF(ABS(F9)>=0.35,20,IF(ABS(F9)>=0.2,10,0))) | H9: =IF(DATE(2026,10,23)-DATEVALUE(업체현황!O9)>=1095,20,IF(DATE(2026,10,23)-DATEVALUE(업체현황!O9)>=730,15,IF(DATE(2026,10,23)-DATEVALUE(업체현황!O9)>=365,10,0))) | I9: =IF(업체현황!P9="중대",30,IF(업체현황!P9="경미",15,0)) | J9: =IF(업체현황!L9="폐업",0,IF(업체현황!L9="휴업",10,0)) | K9: =SUM(G9:J9) | L9: =IF(K9>=70,"고위험",IF(K9>=40,"주의","일반")) | M9: =IF(K9>=70,"우선 검토",IF(K9>=40,"모니터링","정기관리"))
A10: =업체현황!A10 | B10: =업체현황!B10 | C10: =업체현황!F10 | D10: =SUMIFS(연도별실적!$C$2:$C$401,연도별실적!$A$2:$A$401,A10,연도별실적!$B$2:$B$401,2024) | E10: =SUMIFS(연도별실적!$C$2:$C$401,연도별실적!$A$2:$A$401,A10,연도별실적!$B$2:$B$401,2025) | F10: =IF(D10=0,0,(E10-D10)/D10) | G10: =IF(ABS(F10)>=0.6,30,IF(ABS(F10)>=0.35,20,IF(ABS(F10)>=0.2,10,0))) | H10: =IF(DATE(2026,10,23)-DATEVALUE(업체현황!O10)>=1095,20,IF(DATE(2026,10,23)-DATEVALUE(업체현황!O10)>=730,15,IF(DATE(2026,10,23)-DATEVALUE(업체현황!O10)>=365,10,0))) | I10: =IF(업체현황!P10="중대",30,IF(업체현황!P10="경미",15,0)) | J10: =IF(업체현황!L10="폐업",0,IF(업체현황!L10="휴업",10,0)) | K10: =SUM(G10:J10) | L10: =IF(K10>=70,"고위험",IF(K10>=40,"주의","일반")) | M10: =IF(K10>=70,"우선 검토",IF(K10>=40,"모니터링","정기관리"))
A11: =업체현황!A11 | B11: =업체현황!B11 | C11: =업체현황!F11 | D11: =SUMIFS(연도별실적!$C$2:$C$401,연도별실적!$A$2:$A$401,A11,연도별실적!$B$2:$B$401,2024) | E11: =SUMIFS(연도별실적!$C$2:$C$401,연도별실적!$A$2:$A$401,A11,연도별실적!$B$2:$B$401,2025) | F11: =IF(D11=0,0,(E11-D11)/D11) | G11: =IF(ABS(F11)>=0.6,30,IF(ABS(F11)>=0.35,20,IF(ABS(F11)>=0.2,10,0))) | H11: =IF(DATE(2026,10,23)-DATEVALUE(업체현황!O11)>=1095,20,IF(DATE(2026,10,23)-DATEVALUE(업체현황!O11)>=730,15,IF(DATE(2026,10,23)-DATEVALUE(업체현황!O11)>=365,10,0))) | I11: =IF(업체현황!P11="중대",30,IF(업체현황!P11="경미",15,0)) | J11: =IF(업체현황!L11="폐업",0,IF(업체현황!L11="휴업",10,0)) | K11: =SUM(G11:J11) | L11: =IF(K11>=70,"고위험",IF(K11>=40,"주의","일반")) | M11: =IF(K11>=70,"우선 검토",IF(K11>=40,"모니터링","정기관리"))
A12: =업체현황!A12 | B12: =업체현황!B12 | C12: =업체현황!F12 | D12: =SUMIFS(연도별실적!$C$2:$C$401,연도별실적!$A$2:$A$401,A12,연도별실적!$B$2:$B$401,2024) | E12: =SUMIFS(연도별실적!$C$2:$C$401,연도별실적!$A$2:$A$401,A12,연도별실적!$B$2:$B$401,2025) | F12: =IF(D12=0,0,(E12-D12)/D12) | G12: =IF(ABS(F12)>=0.6,30,IF(ABS(F12)>=0.35,20,IF(ABS(F12)>=0.2,10,0))) | H12: =IF(DATE(2026,10,23)-DATEVALUE(업체현황!O12)>=1095,20,IF(DATE(2026,10,23)-DATEVALUE(업체현황!O12)>=730,15,IF(DATE(2026,10,23)-DATEVALUE(업체현황!O12)>=365,10,0))) | I12: =IF(업체현황!P12="중대",30,IF(업체현황!P12="경미",15,0)) | J12: =IF(업체현황!L12="폐업",0,IF(업체현황!L12="휴업",10,0)) | K12: =SUM(G12:J12) | L12: =IF(K12>=70,"고위험",IF(K12>=40,"주의","일반")) | M12: =IF(K12>=70,"우선 검토",IF(K12>=40,"모니터링","정기관리"))
A13: =업체현황!A13 | B13: =업체현황!B13 | C13: =업체현황!F13 | D13: =SUMIFS(연도별실적!$C$2:$C$401,연도별실적!$A$2:$A$401,A13,연도별실적!$B$2:$B$401,2024) | E13: =SUMIFS(연도별실적!$C$2:$C$401,연도별실적!$A$2:$A$401,A13,연도별실적!$B$2:$B$401,2025) | F13: =IF(D13=0,0,(E13-D13)/D13) | G13: =IF(ABS(F13)>=0.6,30,IF(ABS(F13)>=0.35,20,IF(ABS(F13)>=0.2,10,0))) | H13: =IF(DATE(2026,10,23)-DATEVALUE(업체현황!O13)>=1095,20,IF(DATE(2026,10,23)-DATEVALUE(업체현황!O13)>=730,15,IF(DATE(2026,10,23)-DATEVALUE(업체현황!O13)>=365,10,0))) | I13: =IF(업체현황!P13="중대",30,IF(업체현황!P13="경미",15,0)) | J13: =IF(업체현황!L13="폐업",0,IF(업체현황!L13="휴업",10,0)) | K13: =SUM(G13:J13) | L13: =IF(K13>=70,"고위험",IF(K13>=40,"주의","일반")) | M13: =IF(K13>=70,"우선 검토",IF(K13>=40,"모니터링","정기관리"))
... A101: =업체현황!A101 | B101: =업체현황!B101 | C101: =업체현황!F101 | D101: =SUMIFS(연도별실적!$C$2:$C$401,연도별실적!$A$2:$A$401,A101,연도별실적!$B$2:$B$401,2024) | E101: =SUMIFS(연도별실적!$C$2:$C$401,연도별실적!$A$2:$A$401,A101,연도별실적!$B$2:$B$401,2025) | F101: =IF(D101=0,0,(E101-D101)/D101) | G101: =IF(ABS(F101)>=0.6,30,IF(ABS(F101)>=0.35,20,IF(ABS(F101)>=0.2,10,0))) | H101: =IF(DATE(2026,10,23)-DATEVALUE(업체현황!O101)>=1095,20,IF(DATE(2026,10,23)-DATEVALUE(업체현황!O101)>=730,15,IF(DATE(2026,10,23)-DATEVALUE(업체현황!O101)>=365,10,0))) | I101: =IF(업체현황!P101="중대",30,IF(업체현황!P101="경미",15,0)) | J101: =IF(업체현황!L101="폐업",0,IF(업체현황!L101="휴업",10,0)) | K101: =SUM(G101:J101) | L101: =IF(K101>=70,"고위험",IF(K101>=40,"주의","일반")) | M101: =IF(K101>=70,"우선 검토",IF(K101>=40,"모니터링","정기관리"))

Sheet 대시보드
A1: 환전업자 현황 및 위험도 대시보드
A3: 관리지표 | B3: 수치 | D3: 위험등급 | E3: 업체수
A4: 전체 업체 | B4: =COUNTA(업체현황!A2:A101) | D4: 고위험 | E4: =COUNTIF(위험도평가!L2:L101,D4)
A5: 영업중 | B5: =COUNTIF(업체현황!L2:L101,"영업중") | D5: 주의 | E5: =COUNTIF(위험도평가!L2:L101,D5)
A6: 원곡동 | B6: =COUNTIF(업체현황!F2:F101,"원곡동") | D6: 일반 | E6: =COUNTIF(위험도평가!L2:L101,D6)
A7: 정왕시장 | B7: =COUNTIF(업체현황!F2:F101,"정왕시장")
A8: 부천 | B8: =COUNTIF(업체현황!F2:F101,"부천")
A9: 부평 | B9: =COUNTIF(업체현황!F2:F101,"부평") | D9: 영업상태 | E9: 업체수
A10: 김포 | B10: =COUNTIF(업체현황!F2:F101,"김포") | D10: 영업중 | E10: =COUNTIF(업체현황!L2:L101,D10)
A11: 실적연도 | B11: 전체환전액(만원) | D11: 휴업 | E11: =COUNTIF(업체현황!L2:L101,D11)
A12: 주소 검증 완료 | B12: =COUNTIF(업체현황!J2:J101,"검증완료") | D12: 폐업 | E12: =COUNTIF(업체현황!L2:L101,D12)
A13: 2023 | B13: =SUMIF(연도별실적!B2:B401,A13,연도별실적!C2:C401)
A14: 2024 | B14: =SUMIF(연도별실적!B2:B401,A14,연도별실적!C2:C401)
A15: 2025 | B15: =SUMIF(연도별실적!B2:B401,A15,연도별실적!C2:C401)
A16: 2026 | B16: =SUMIF(연도별실적!B2:B401,A16,연도별실적!C2:C401)
A18: ※ 모든 값은 가상의 테스트 데이터이며 실제 환전업자 및 위험도와 무관합니다.

Sheet 코드표
A1: 필드 | B1: 허용값 | C1: 설명 | D1: 메모
A2: 영업상태 | B2: 영업중 / 휴업 / 폐업 | C2: 업체 운영 상태 | D2: 가상
A3: 위반이력 | B3: 없음 / 경미 / 중대 | C3: 위험도 시범 점수용 | D3: 가상
A4: 지오코딩상태 | B4: 미검증 / 검증완료 / 실패 | C4: 주소→좌표 변환 결과 | D4: 기본값 미검증
A5: 위험등급 | B5: 일반 / 주의 / 고위험 | C5: 평가 시트 산출값 | D5: 가상 규칙
A6: 점검구분 | B6: 정기 / 수시 / 서면 | C6: 점검 유형 | D6: 가상
A7: 후속조치 | B7: 종결 / 보완완료 / 조치중 / 추가확인 | C7: 점검 결과 처리 | D7: 가상
A8: 실적연도 | B8: 2023 / 2024 / 2025 / 2026 | C8: 2026은 1~3분기만 | D8: 모의
A9: 식별키 | B9: EXA-0001 ~ EXA-0100 | C9: 시트 연결용 ID | D9: 고유

Sheet 주소기준_안내
A1: 항목 | B1: 설명
A2: 주소의 성격 | B2: 실제 분포 감각을 보여주기 위한 시연용 가상 주소. 지역별 대표 상권/생활도로를 기준으로 생성
A3: 지역 범위 | B3: 안산 원곡동 38 / 시흥 정왕시장 24 / 부천 23 / 부평 10 / 김포 4 / 계양 1
A4: 가상 업체 수 | B4: 100개 업체의 상호·대표자·실적·위험도 등은 기존과 동일
A5: 중복 주소 | B5: 각 권역 내 여러 도로명으로 분산했으나, 실제 환전소 위치와 일치하지 않는 시연용 주소임
A6: 좌표 입력 | B6: 위도·경도는 공란. FXGIS에서 미확인 주소 변환 실행
A7: 권역 기준 | B7: 원곡동·정왕시장 중심 / 부천·부평·김포·계양 권역 분포 반영
A8: 비고 | B8: 실제 업체명·대표자·실적·위험도는 모두 가상. 주소는 분포 시연용
